Alabama,Alaska,Arizona,Arkansas,California,Colorado,Connecticut,Florida,Georgia,Hawaii,Idaho,Illinois,Indiana,Iowa,Kansas,Kentucky,Louisiana,Maine,Maryland,Massachusetts,Michigan,Minnesota,Mississippi,Missouri,Montana,Nebraska,Nevada,New Jersey,New Mexico,New York,North Carolina,North Dakota,Ohio,Oklahoma,Oregon,Pennsylvania,Rhode Island,South Dakota,Texas,Tennessee,Utah,Vermont,Washington,West Virginia,Wisconsin,Wyoming,Territories,Virginia,South Carolina,Delaware,District of Columbia,New Hampshire
https://auburn.craigslist.org/,https://anchorage.craigslist.org/,https://flagstaff.craigslist.org/,https://fayar.craigslist.org/,https://bakersfield.craigslist.org/,https://boulder.craigslist.org/,https://newlondon.craigslist.org/,https://miami.craigslist.org/,https://albanyga.craigslist.org/,https://honolulu.craigslist.org/,https://boise.craigslist.org/,https://bn.craigslist.org/,https://bloomington.craigslist.org/,https://ames.craigslist.org/,https://lawrence.craigslist.org/,https://bgky.craigslist.org/,https://batonrouge.craigslist.org/,https://maine.craigslist.org/,https://annapolis.craigslist.org/,https://boston.craigslist.org/,https://annarbor.craigslist.org/,https://bemidji.craigslist.org/,https://gulfport.craigslist.org/,https://columbiamo.craigslist.org/,https://billings.craigslist.org/,https://grandisland.craigslist.org/,https://elko.craigslist.org/,https://cnj.craigslist.org/,https://albuquerque.craigslist.org/,https://albany.craigslist.org/,https://asheville.craigslist.org/,https://bismarck.craigslist.org/,https://akroncanton.craigslist.org/,https://lawton.craigslist.org/,https://bend.craigslist.org/,https://altoona.craigslist.org/,https://providence.craigslist.org/,https://nesd.craigslist.org/,https://abilene.craigslist.org/,https://chattanooga.craigslist.org/,https://logan.craigslist.org/,https://vermont.craigslist.org/,https://bellingham.craigslist.org/,https://charlestonwv.craigslist.org/,https://appleton.craigslist.org/,https://wyoming.craigslist.org/,https://micronesia.craigslist.org/,https://charlottesville.craigslist.org/,https://charleston.craigslist.org/,https://delaware.craigslist.org/,https://washingtondc.craigslist.org/,https://nh.craigslist.org/
https://bham.craigslist.org/,https://fairbanks.craigslist.org/,https://mohave.craigslist.org/,https://fortsmith.craigslist.org/,https://chico.craigslist.org/,https://cosprings.craigslist.org/,https://hartford.craigslist.org/,https://daytona.craigslist.org/,https://athensga.craigslist.org/,,https://eastidaho.craigslist.org/,https://chambana.craigslist.org/,https://evansville.craigslist.org/,https://cedarrapids.craigslist.org/,https://ksu.craigslist.org/,https://eastky.craigslist.org/,https://cenla.craigslist.org/,,https://baltimore.craigslist.org/,https://capecod.craigslist.org/,https://battlecreek.craigslist.org/,https://brainerd.craigslist.org/,https://hattiesburg.craigslist.org/,https://joplin.craigslist.org/,https://bozeman.craigslist.org/,https://lincoln.craigslist.org/,https://lasvegas.craigslist.org/,https://jerseyshore.craigslist.org/,https://clovis.craigslist.org/,https://binghamton.craigslist.org/,https://boone.craigslist.org/,https://fargo.craigslist.org/,https://ashtabula.craigslist.org/,https://enid.craigslist.org/,https://corvallis.craigslist.org/,https://chambersburg.craigslist.org/,,https://csd.craigslist.org/,https://amarillo.craigslist.org/,https://clarksville.craigslist.org/,https://ogden.craigslist.org/,,https://kpr.craigslist.org/,https://martinsburg.craigslist.org/,https://eauclaire.craigslist.org/,,https://puertorico.craigslist.org/,https://danville.craigslist.org/,https://columbia.craigslist.org/,,,
https://dothan.craigslist.org/,https://kenai.craigslist.org/,https://phoenix.craigslist.org/,https://jonesboro.craigslist.org/,https://fresno.craigslist.org/,https://denver.craigslist.org/,https://newhaven.craigslist.org/,https://keys.craigslist.org/,https://atlanta.craigslist.org/,,https://lewiston.craigslist.org/,https://chicago.craigslist.org/,https://fortwayne.craigslist.org/,https://desmoines.craigslist.org/,https://nwks.craigslist.org/,https://lexington.craigslist.org/,https://houma.craigslist.org/,,https://easternshore.craigslist.org/,https://southcoast.craigslist.org/,https://centralmich.craigslist.org/,https://duluth.craigslist.org/,https://jackson.craigslist.org/,https://kansascity.craigslist.org/,https://butte.craigslist.org/,https://northplatte.craigslist.org/,https://reno.craigslist.org/,https://newjersey.craigslist.org/,https://farmington.craigslist.org/,https://buffalo.craigslist.org/,https://charlotte.craigslist.org/,https://grandforks.craigslist.org/,https://athensohio.craigslist.org/,https://oklahomacity.craigslist.org/,https://eastoregon.craigslist.org/,https://erie.craigslist.org/,,https://rapidcity.craigslist.org/,https://austin.craigslist.org/,https://cookeville.craigslist.org/,https://provo.craigslist.org/,,https://moseslake.craigslist.org/,https://huntington.craigslist.org/,https://greenbay.craigslist.org/,,https://virgin.craigslist.org/,https://fredericksburg.craigslist.org/,https://florencesc.craigslist.org/,,,
https://shoals.craigslist.org/,https://juneau.craigslist.org/,https://prescott.craigslist.org/,https://littlerock.craigslist.org/,https://goldcountry.craigslist.org/,https://eastco.craigslist.org/,https://nwct.craigslist.org/,https://miami.craigslist.org/,https://augusta.craigslist.org/,,https://twinfalls.craigslist.org/,https://decatur.craigslist.org/,https://indianapolis.craigslist.org/,https://dubuque.craigslist.org/,https://salina.craigslist.org/,https://louisville.craigslist.org/,https://lafayette.craigslist.org/,,https://frederick.craigslist.org/,https://westernmass.craigslist.org/,https://detroit.craigslist.org/,https://mankato.craigslist.org/,https://meridian.craigslist.org/,https://kirksville.craigslist.org/,https://greatfalls.craigslist.org/,https://omaha.craigslist.org/,,https://southjersey.craigslist.org/,https://lascruces.craigslist.org/,https://catskills.craigslist.org/,https://eastnc.craigslist.org/,https://nd.craigslist.org/,https://chillicothe.craigslist.org/,https://stillwater.craigslist.org/,https://eugene.craigslist.org/,https://harrisburg.craigslist.org/,,https://siouxfalls.craigslist.org/,https://beaumont.craigslist.org/,https://jacksontn.craigslist.org/,https://saltlakecity.craigslist.org/,,https://olympic.craigslist.org/,https://morgantown.craigslist.org/,https://janesville.craigslist.org/,,,https://norfolk.craigslist.org/,https://greenville.craigslist.org/,,,
https://gadsden.craigslist.org/,,https://showlow.craigslist.org/,https://texarkana.craigslist.org/,https://hanford.craigslist.org/,https://fortcollins.craigslist.org/,,https://fortmyers.craigslist.org/,https://brunswick.craigslist.org/,,,https://lasalle.craigslist.org/,https://kokomo.craigslist.org/,https://fortdodge.craigslist.org/,https://seks.craigslist.org/,https://owensboro.craigslist.org/,https://lakecharles.craigslist.org/,,https://smd.craigslist.org/,https://worcester.craigslist.org/,https://flint.craigslist.org/,https://minneapolis.craigslist.org/,https://northmiss.craigslist.org/,https://loz.craigslist.org/,https://helena.craigslist.org/,https://scottsbluff.craigslist.org/,,,https://roswell.craigslist.org/,https://chautauqua.craigslist.org/,https://fayetteville.craigslist.org/,,https://cincinnati.craigslist.org/,https://tulsa.craigslist.org/,https://klamath.craigslist.org/,https://lancaster.craigslist.org/,,https://sd.craigslist.org/,https://brownsville.craigslist.org/,https://knoxville.craigslist.org/,https://stgeorge.craigslist.org/,,https://pullman.craigslist.org/,https://wheeling.craigslist.org/,https://racine.craigslist.org/,,,https://harrisonburg.craigslist.org/,https://hiltonhead.craigslist.org/,,,
https://huntsville.craigslist.org/,,https://sierravista.craigslist.org/,,https://humboldt.craigslist.org/,https://rockies.craigslist.org/,,https://gainesville.craigslist.org/,https://columbusga.craigslist.org/,,,https://mattoon.craigslist.org/,https://tippecanoe.craigslist.org/,https://iowacity.craigslist.org/,https://swks.craigslist.org/,https://westky.craigslist.org/,https://monroe.craigslist.org/,,https://westmd.craigslist.org/,,https://grandrapids.craigslist.org/,https://rmn.craigslist.org/,https://natchez.craigslist.org/,https://semo.craigslist.org/,https://kalispell.craigslist.org/,,,,https://santafe.craigslist.org/,https://elmira.craigslist.org/,https://greensboro.craigslist.org/,,https://cleveland.craigslist.org/,,https://medford.craigslist.org/,https://allentown.craigslist.org/,,,https://collegestation.craigslist.org/,https://memphis.craigslist.org/,,,https://seattle.craigslist.org/,https://parkersburg.craigslist.org/,https://lacrosse.craigslist.org/,,,https://lynchburg.craigslist.org/,https://myrtlebeach.craigslist.org/,,,
https://mobile.craigslist.org/,,https://tucson.craigslist.org/,,https://imperial.craigslist.org/,https://pueblo.craigslist.org/,,https://cfl.craigslist.org/,https://macon.craigslist.org/,,,https://peoria.craigslist.org/,https://muncie.craigslist.org/,https://masoncity.craigslist.org/,https://topeka.craigslist.org/,,https://neworleans.craigslist.org/,,,,https://holland.craigslist.org/,https://marshall.craigslist.org/,,https://springfield.craigslist.org/,https://missoula.craigslist.org/,,,,,https://fingerlakes.craigslist.org/,https://hickory.craigslist.org/,,https://columbus.craigslist.org/,,https://oregoncoast.craigslist.org/,https://meadville.craigslist.org/,,,https://corpuschristi.craigslist.org/,https://nashville.craigslist.org/,,,https://skagit.craigslist.org/,https://swv.craigslist.org/,https://madison.craigslist.org/,,,https://blacksburg.craigslist.org/,,,,
https://montgomery.craigslist.org/,,https://yuma.craigslist.org/,,https://inlandempire.craigslist.org/,https://westslope.craigslist.org/,,https://jacksonville.craigslist.org/,https://nwga.craigslist.org/,,,https://rockford.craigslist.org/,https://richmondin.craigslist.org/,https://quadcities.craigslist.org/,https://wichita.craigslist.org/,,https://shreveport.craigslist.org/,,,,https://jxn.craigslist.org/,https://stcloud.craigslist.org/,,https://stjoseph.craigslist.org/,https://montana.craigslist.org/,,,,,https://glensfalls.craigslist.org/,https://onslow.craigslist.org/,,https://dayton.craigslist.org/,,https://portland.craigslist.org/,https://philadelphia.craigslist.org/,,,https://dallas.craigslist.org/,https://tricities.craigslist.org/,,,https://spokane.craigslist.org/,https://wv.craigslist.org/,https://milwaukee.craigslist.org/,,,https://richmond.craigslist.org/,,,,
https://tuscaloosa.craigslist.org/,,,,https://losangeles.craigslist.org/,,,https://lakeland.craigslist.org/,https://savannah.craigslist.org/,,,https://carbondale.craigslist.org/,https://southbend.craigslist.org/,https://siouxcity.craigslist.org/,,,,,,,https://kalamazoo.craigslist.org/,,,https://stlouis.craigslist.org/,,,,,,https://hudsonvalley.craigslist.org/,https://outerbanks.craigslist.org/,,https://limaohio.craigslist.org/,,https://roseburg.craigslist.org/,https://pittsburgh.craigslist.org/,,,https://nacogdoches.craigslist.org/,,,,https://wenatchee.craigslist.org/,,https://northernwi.craigslist.org/,,,https://roanoke.craigslist.org/,,,,
,,,,https://mendocino.craigslist.org/,,,https://miami.craigslist.org/,https://statesboro.craigslist.org/,,,https://springfieldil.craigslist.org/,https://terrehaute.craigslist.org/,https://ottumwa.craigslist.org/,,,,,,,https://lansing.craigslist.org/,,,,,,,,,https://ithaca.craigslist.org/,https://raleigh.craigslist.org/,,https://mansfield.craigslist.org/,,https://salem.craigslist.org/,https://poconos.craigslist.org/,,,https://delrio.craigslist.org/,,,,https://yakima.craigslist.org/,,https://sheboygan.craigslist.org/,,,https://swva.craigslist.org/,,,,
,,,,https://merced.craigslist.org/,,,https://lakecity.craigslist.org/,https://valdosta.craigslist.org/,,,https://quincy.craigslist.org/,,https://waterloo.craigslist.org/,,,,,,,https://monroemi.craigslist.org/,,,,,,,,,https://longisland.craigslist.org/,https://wilmington.craigslist.org/,,https://sandusky.craigslist.org/,,,https://reading.craigslist.org/,,,https://elpaso.craigslist.org/,,,,,,https://wausau.craigslist.org/,,,https://winchester.craigslist.org/,,,,
,,,,https://modesto.craigslist.org/,,,https://ocala.craigslist.org/,,,,,,,,,,,,,https://muskegon.craigslist.org/,,,,,,,,,https://newyork.craigslist.org/,https://winstonsalem.craigslist.org/,,https://toledo.craigslist.org/,,,https://scranton.craigslist.org/,,,https://galveston.craigslist.org/,,,,,,,,,,,,,
,,,,https://monterey.craigslist.org/,,,https://okaloosa.craigslist.org/,,,,,,,,,,,,,https://nmi.craigslist.org/,,,,,,,,,https://oneonta.craigslist.org/,,,https://tuscarawas.craigslist.org/,,,https://pennstate.craigslist.org/,,,https://houston.craigslist.org/,,,,,,,,,,,,,
,,,,https://orangecounty.craigslist.org/,,,https://orlando.craigslist.org/,,,,,,,,,,,,,https://porthuron.craigslist.org/,,,,,,,,,https://plattsburgh.craigslist.org/,,,https://youngstown.craigslist.org/,,,https://williamsport.craigslist.org/,,,https://killeen.craigslist.org/,,,,,,,,,,,,,
,,,,https://palmsprings.craigslist.org/,,,https://panamacity.craigslist.org/,,,,,,,,,,,,,https://saginaw.craigslist.org/,,,,,,,,,https://potsdam.craigslist.org/,,,https://zanesville.craigslist.org/,,,https://york.craigslist.org/,,,https://laredo.craigslist.org/,,,,,,,,,,,,,
,,,,https://redding.craigslist.org/,,,https://pensacola.craigslist.org/,,,,,,,,,,,,,https://swmi.craigslist.org/,,,,,,,,,https://rochester.craigslist.org/,,,,,,,,,https://lubbock.craigslist.org/,,,,,,,,,,,,,
,,,,https://sacramento.craigslist.org/,,,https://sarasota.craigslist.org/,,,,,,,,,,,,,https://thumb.craigslist.org/,,,,,,,,,https://syracuse.craigslist.org/,,,,,,,,,https://mcallen.craigslist.org/,,,,,,,,,,,,,
,,,,https://sandiego.craigslist.org/,,,https://miami.craigslist.org/,,,,,,,,,,,,,https://up.craigslist.org/,,,,,,,,,https://twintiers.craigslist.org/,,,,,,,,,https://odessa.craigslist.org/,,,,,,,,,,,,,
,,,,https://sfbay.craigslist.org/,,,https://spacecoast.craigslist.org/,,,,,,,,,,,,,,,,,,,,,,https://utica.craigslist.org/,,,,,,,,,https://sanangelo.craigslist.org/,,,,,,,,,,,,,
,,,,https://slo.craigslist.org/,,,https://staugustine.craigslist.org/,,,,,,,,,,,,,,,,,,,,,,https://watertown.craigslist.org/,,,,,,,,,https://sanantonio.craigslist.org/,,,,,,,,,,,,,
,,,,https://santabarbara.craigslist.org/,,,https://tallahassee.craigslist.org/,,,,,,,,,,,,,,,,,,,,,,,,,,,,,,,https://sanmarcos.craigslist.org/,,,,,,,,,,,,,
,,,,https://santamaria.craigslist.org/,,,https://tampa.craigslist.org/,,,,,,,,,,,,,,,,,,,,,,,,,,,,,,,https://bigbend.craigslist.org/,,,,,,,,,,,,,
,,,,https://siskiyou.craigslist.org/,,,https://treasure.craigslist.org/,,,,,,,,,,,,,,,,,,,,,,,,,,,,,,,https://texoma.craigslist.org/,,,,,,,,,,,,,
,,,,https://stockton.craigslist.org/,,,https://miami.craigslist.org/,,,,,,,,,,,,,,,,,,,,,,,,,,,,,,,https://easttexas.craigslist.org/,,,,,,,,,,,,,
,,,,https://susanville.craigslist.org/,,,,,,,,,,,,,,,,,,,,,,,,,,,,,,,,,,https://victoriatx.craigslist.org/,,,,,,,,,,,,,
,,,,https://ventura.craigslist.org/,,,,,,,,,,,,,,,,,,,,,,,,,,,,,,,,,,https://waco.craigslist.org/,,,,,,,,,,,,,
,,,,https://visalia.craigslist.org/,,,,,,,,,,,,,,,,,,,,,,,,,,,,,,,,,,https://wichitafalls.craigslist.org/,,,,,,,,,,,,,
,,,,https://yubasutter.craigslist.org/,,,,,,,,,,,,,,,,,,,,,,,,,,,,,,,,,,,,,,,,,,,,,,,
